Workbook

Sheet How to use
A1: Bushwick Grocery Price Index Master Tracker
A2: The live spine of the project. Summer 2026.
A4: Tabs in this workbook
A5: Progress Tracker | B5: Every phase/deliverable, its owner, status, due date, and link. Update as you go.
A6: Basket of Goods | B6: the seeded master item list from the prior BD pieces. Lock brand/size specs here in Phase 3.
A7: Store List | B7: the seeded store universe. Verify each is open, add bodegas, assign, and schedule.
A8: Price Data | B8: The field-collection sheet. The Google Form writes here, or type rows in directly. Source of truth.
A9: Analysis | B9: Auto-calculates each store's basket total and the index. Nothing to fill in; it reads Price Data.
A10: Coverage Matrix | B10: Store × item grid so the Editor sees which prices are still missing. Auto-calculated.
A12: How the pipeline flows
A13: 1 | B13: Fill each phase's template in its Drive folder, save it, then mark the row 'Submitted' here.
A14: 2 | B14: Coordinator reviews; Editor approves. Don't start the next phase until approved.
A15: 3 | B15: In the field, log one Form submission per item per store (price + 2 photos).
A16: 4 | B16: Check the Coverage Matrix each evening to see what's left.
A17: 5 | B17: Analysis gives you the numbers; write the Findings Memo, then the article.
A19: Standards that keep it honest
A20: Same everything | B20: Same basket, same specs, same week, at every store.
A21: Price type | B21: Log the REGULAR shelf price as primary (the Analysis basket total sums 'Regular' rows).
A22: One row per cell | B22: Exactly one 'Regular' price per item per store; the Coverage Matrix should read 1 in every cell.
A23: Trace everything | B23: Every number ties to a Price Data row and a photo. Every quote ties to a named source.

Sheet Progress Tracker
A1: Progress Tracker
A2: Update Status and Link as each deliverable moves.
A4: Phase | B4: Deliverable | C4: Owner | D4: Status | E4: Due | F4: Link (Drive) | G4: Notes
A5: 1 | B5: Research Brief | D5: Not started | E5: Jul 8
A6: 2 | B6: Story Pitch | D6: Not started | E6: Jul 8
A7: 3 | B7: Methodology & Field Plan | D7: Not started | E7: Jul 9
A8: 3 | B8: Basket locked (this workbook) | D8: Not started | E8: Jul 9
A9: 3 | B9: Store list + map locked | D9: Not started | E9: Jul 9
A10: 4 | B10: Price data collected (Form) | D10: Not started | E10: Jul 12
A11: 5 | B11: Findings Memo | D11: Not started | E11: Jul 13
A12: 6 | B12: Source & Interview Log | D12: Not started | E12: Jul 14
A13: 6 | B13: Fact-check complete | D13: Not started | E13: Jul 15
A14: 7 | B14: Article Draft | D14: Not started | E14: Jul 14
A15: 8 | B15: Social & Promotion Package | D15: Not started | E15: Jul 15
A16: 9 | B16: Published + posted + retro | D16: Not started | E16: Jul 15

Sheet Basket of Goods
A1: Basket of Goods (seeded from prior BD pieces)
A2: Keep every item unless justified. Lock Brand rule + Size/unit in Phase 3.
A4: Item | B4: Category | C4: Include? | D4: Brand rule | E4: Size / unit + price basis | F4: Notes | G4: Source
A5: Apples | B5: Produce | C5: Y | E5: per lb (loose) | F5: closest common variety | G5: 2017
A6: Bananas | B6: Produce | C6: Y | E6: per lb | F6: conventional | G6: 2021
A7: Carrots | B7: Produce | C7: Y | E7: 1 lb / per lb | F7: loose or 1-lb bag | G7: 2017
A8: Tomatoes | B8: Produce | C8: Y | E8: per lb | F8: on-the-vine or roma | G8: 2017
A9: Kale | B9: Produce | C9: Y | E9: 1 bunch | F9: curly | G9: 2017/2021
A10: Spinach | B10: Produce | C10: Y | E10: 1 bunch or bag | F10: note bunch vs bag | G10: 2021
A11: Bread | B11: Pantry | C11: Y | E11: 1 standard loaf | F11: sliced sandwich loaf | G11: 2017
A12: Peanut butter | B12: Pantry | C12: Y | E12: 16 oz jar | F12: hold one brand | G12: 2017/2021
A13: Honey | B13: Pantry | C13: N? | E13: 12 oz | F13: optional, decide | G13: 2017
A14: Rice | B14: Pantry | C14: Y | E14: 2 lb bag | F14: white long-grain | G14: 2017
A15: Coffee | B15: Pantry | C15: Y | E15: 12 oz ground | F15: hold one brand/size | G15: 2017/2021
A16: Canned black beans | B16: Pantry | C16: Y | E16: 15-15.5 oz can | F16: store/common brand | G16: 2017
... A25: Beer (Six Point Sweet Action) | B25: Other | C25: N? | E25: 6-pack | F25: shelf tag only; do not buy (age) | G25: 2017

Sheet Store List
A1: Store List (seeded: verify, assign, schedule)
A2: Verify each store is open. Add bodegas. Assign each to an intern; set a visit date.
A4: Store | B4: Address | C4: Type / tier | D4: $ | E4: Still open? (verify) | F4: Assigned to | G4: Planned visit
A5: Food Bazaar | B5: 1590 Gates Ave (also 454 Wyckoff Ave) | C5: Large discount chain | D5: $ | E5: verify
A6: Key Food | B6: 72-82 Wyckoff Ave (also 1533 Broadway) | C6: Mid supermarket (Urban Meadow) | D6: $$ | E6: verify
A7: City Fresh Market | B7: 229 Knickerbocker Ave | C7: Mid supermarket (fan favorite) | D7: $$ | E7: verify
A8: Associated Supermarket | B8: 333 Seneca Ave, Ridgewood | C8: Mid / affordable chain | D8: $$ | E8: verify
A9: Shop Fair | B9: 920 Seneca Ave, Ridgewood | C9: Mid supermarket | D9: $$ | E9: verify
A10: Met Fresh | B10: 1381 Myrtle Ave | C10: Small family-owned | D10: $$ | E10: verify
A11: Billy's Marketplace (C-Town) | B11: 870 Cypress Ave, Ridgewood | C11: Mid supermarket | D11: $$ | E11: verify
A12: Mr. Kiwi's (Mr. Fruit) | B12: 957 Broadway | C12: Produce-focused mini grocery | D12: $$ | E12: verify
A13: Mr. Lemon (Mr. Fruit) | B13: 410 Knickerbocker Ave | C13: Produce-focused mini grocery | D13: $$ | E13: verify
A14: Food Story Natural Market | B14: 40 Bogart St (also 1552 Myrtle Ave) | C14: Premium / natural specialty | D14: $$$ | E14: verify
A15: Hana Natural | B15: 24 Wyckoff Ave | C15: Premium / organic specialty | D15: $$$ | E15: verify
A16: Whole Foods | B16: Williamsburg (238 Bedford) + verify Bushwick loc. | C16: National premium (Amazon) | D16: $$$ | E16: verify
A17: Brooklyn's Natural | B17: 49 Bogart St | C17: Premium / natural | D17: VERIFY may be closed
A18: Bodega #1 (choose) | C18: Bodega | D18: $$
A19: Bodega #2 (choose) | C19: Bodega | D19: $$
A20: Delivery app (if in scope) | B20: Amazon Fresh/WF, Instacart, etc. | C20: Delivery app | D20: n/a

Sheet Price Data
A1: Price Data: field collection (source of truth)
A2: One row = one item at one store. The Google Form writes here. Log the REGULAR shelf price as primary.
A4: Timestamp | B4: Collector | C4: Store | D4: Store type | E4: Date collected | F4: Item | G4: Brand found | H4: Size/unit found | I4: Price ($) | J4: Price type | K4: In stock? | L4: Product photo (link) | M4: Price-tag photo (link) | N4: Notes
A5: (auto) | B5: Alex | C5: Key Food | D5: Mid supermarket | E5: 2026-07-10 | F5: Eggs | G5: Sunshine Farms | H5: 12 ct | I5: 3.29 | J5: Regular | K5: Yes | L5: (photo link) | M5: (photo link) | N5: example row, delete
A6: (auto) | B6: Sam | C6: Food Bazaar | D6: Large discount chain | E6: 2026-07-10 | F6: Milk | G6: Cream-O-Land | H6: half gallon | I6: 2.99 | J6: Regular | K6: Yes | L6: (photo link) | M6: (photo link) | N6: example row, delete

Sheet Analysis
A1: Analysis: basket totals & index (auto)
A2: Reads Price Data. Sums 'Regular' prices per store. Fill nothing here.
G4: Target basket size (# included): | H4: =COUNTIF('Basket of Goods'!$C$5:$C$25,"Y") -> 18
G5: Cheapest basket (min > 0): | H5: =IFERROR(minifs($B$8:$B$23,$B$8:$B$23,">0"),0) -> 0
A7: Store | B7: Basket total ($) | C7: Items priced | D7: Complete? | E7: Index (cheapest=100)
A8: ='Store List'!A5 -> Food Bazaar | B8: =SUMIFS('Price Data'!$I$5:$I$1000,'Price Data'!$C$5:$C$1000,$A8,'Price Data'!$J$5:$J$1000,"Regular") -> 2.99 | C8: =COUNTIFS('Price Data'!$C$5:$C$1000,$A8,'Price Data'!$J$5:$J$1000,"Regular") -> 1 | D8: =IF($C8>=$H$4,"✔","") | E8: =IF(OR($B8=0,$H$5=0),"",ROUND($B8/$H$5*100,1))
A9: ='Store List'!A6 -> Key Food | B9: =SUMIFS('Price Data'!$I$5:$I$1000,'Price Data'!$C$5:$C$1000,$A9,'Price Data'!$J$5:$J$1000,"Regular") -> 3.29 | C9: =COUNTIFS('Price Data'!$C$5:$C$1000,$A9,'Price Data'!$J$5:$J$1000,"Regular") -> 1 | D9: =IF($C9>=$H$4,"✔","") | E9: =IF(OR($B9=0,$H$5=0),"",ROUND($B9/$H$5*100,1))
A10: ='Store List'!A7 -> City Fresh Market | B10: =SUMIFS('Price Data'!$I$5:$I$1000,'Price Data'!$C$5:$C$1000,$A10,'Price Data'!$J$5:$J$1000,"Regular") -> 0 | C10: =COUNTIFS('Price Data'!$C$5:$C$1000,$A10,'Price Data'!$J$5:$J$1000,"Regular") -> 0 | D10: =IF($C10>=$H$4,"✔","") | E10: =IF(OR($B10=0,$H$5=0),"",ROUND($B10/$H$5*100,1))
A11: ='Store List'!A8 -> Associated Supermarket | B11: =SUMIFS('Price Data'!$I$5:$I$1000,'Price Data'!$C$5:$C$1000,$A11,'Price Data'!$J$5:$J$1000,"Regular") -> 0 | C11: =COUNTIFS('Price Data'!$C$5:$C$1000,$A11,'Price Data'!$J$5:$J$1000,"Regular") -> 0 | D11: =IF($C11>=$H$4,"✔","") | E11: =IF(OR($B11=0,$H$5=0),"",ROUND($B11/$H$5*100,1))
A12: ='Store List'!A9 -> Shop Fair | B12: =SUMIFS('Price Data'!$I$5:$I$1000,'Price Data'!$C$5:$C$1000,$A12,'Price Data'!$J$5:$J$1000,"Regular") -> 0 | C12: =COUNTIFS('Price Data'!$C$5:$C$1000,$A12,'Price Data'!$J$5:$J$1000,"Regular") -> 0 | D12: =IF($C12>=$H$4,"✔","") | E12: =IF(OR($B12=0,$H$5=0),"",ROUND($B12/$H$5*100,1))
A13: ='Store List'!A10 -> Met Fresh | B13: =SUMIFS('Price Data'!$I$5:$I$1000,'Price Data'!$C$5:$C$1000,$A13,'Price Data'!$J$5:$J$1000,"Regular") -> 0 | C13: =COUNTIFS('Price Data'!$C$5:$C$1000,$A13,'Price Data'!$J$5:$J$1000,"Regular") -> 0 | D13: =IF($C13>=$H$4,"✔","") | E13: =IF(OR($B13=0,$H$5=0),"",ROUND($B13/$H$5*100,1))
A14: ='Store List'!A11 -> Billy's Marketplace (C-Town) | B14: =SUMIFS('Price Data'!$I$5:$I$1000,'Price Data'!$C$5:$C$1000,$A14,'Price Data'!$J$5:$J$1000,"Regular") -> 0 | C14: =COUNTIFS('Price Data'!$C$5:$C$1000,$A14,'Price Data'!$J$5:$J$1000,"Regular") -> 0 | D14: =IF($C14>=$H$4,"✔","") | E14: =IF(OR($B14=0,$H$5=0),"",ROUND($B14/$H$5*100,1))
A15: ='Store List'!A12 -> Mr. Kiwi's (Mr. Fruit) | B15: =SUMIFS('Price Data'!$I$5:$I$1000,'Price Data'!$C$5:$C$1000,$A15,'Price Data'!$J$5:$J$1000,"Regular") -> 0 | C15: =COUNTIFS('Price Data'!$C$5:$C$1000,$A15,'Price Data'!$J$5:$J$1000,"Regular") -> 0 | D15: =IF($C15>=$H$4,"✔","") | E15: =IF(OR($B15=0,$H$5=0),"",ROUND($B15/$H$5*100,1))
A16: ='Store List'!A13 -> Mr. Lemon (Mr. Fruit) | B16: =SUMIFS('Price Data'!$I$5:$I$1000,'Price Data'!$C$5:$C$1000,$A16,'Price Data'!$J$5:$J$1000,"Regular") -> 0 | C16: =COUNTIFS('Price Data'!$C$5:$C$1000,$A16,'Price Data'!$J$5:$J$1000,"Regular") -> 0 | D16: =IF($C16>=$H$4,"✔","") | E16: =IF(OR($B16=0,$H$5=0),"",ROUND($B16/$H$5*100,1))
A17: ='Store List'!A14 -> Food Story Natural Market | B17: =SUMIFS('Price Data'!$I$5:$I$1000,'Price Data'!$C$5:$C$1000,$A17,'Price Data'!$J$5:$J$1000,"Regular") -> 0 | C17: =COUNTIFS('Price Data'!$C$5:$C$1000,$A17,'Price Data'!$J$5:$J$1000,"Regular") -> 0 | D17: =IF($C17>=$H$4,"✔","") | E17: =IF(OR($B17=0,$H$5=0),"",ROUND($B17/$H$5*100,1))
A18: ='Store List'!A15 -> Hana Natural | B18: =SUMIFS('Price Data'!$I$5:$I$1000,'Price Data'!$C$5:$C$1000,$A18,'Price Data'!$J$5:$J$1000,"Regular") -> 0 | C18: =COUNTIFS('Price Data'!$C$5:$C$1000,$A18,'Price Data'!$J$5:$J$1000,"Regular") -> 0 | D18: =IF($C18>=$H$4,"✔","") | E18: =IF(OR($B18=0,$H$5=0),"",ROUND($B18/$H$5*100,1))
A19: ='Store List'!A16 -> Whole Foods | B19: =SUMIFS('Price Data'!$I$5:$I$1000,'Price Data'!$C$5:$C$1000,$A19,'Price Data'!$J$5:$J$1000,"Regular") -> 0 | C19: =COUNTIFS('Price Data'!$C$5:$C$1000,$A19,'Price Data'!$J$5:$J$1000,"Regular") -> 0 | D19: =IF($C19>=$H$4,"✔","") | E19: =IF(OR($B19=0,$H$5=0),"",ROUND($B19/$H$5*100,1))
... A23: ='Store List'!A20 -> Delivery app (if in scope) | B23: =SUMIFS('Price Data'!$I$5:$I$1000,'Price Data'!$C$5:$C$1000,$A23,'Price Data'!$J$5:$J$1000,"Regular") -> 0 | C23: =COUNTIFS('Price Data'!$C$5:$C$1000,$A23,'Price Data'!$J$5:$J$1000,"Regular") -> 0 | D23: =IF($C23>=$H$4,"✔","") | E23: =IF(OR($B23=0,$H$5=0),"",ROUND($B23/$H$5*100,1))

Sheet Coverage Matrix
A1: Coverage Matrix: what's still missing (auto)
A2: Each cell = # of 'Regular' prices logged for that store × item. Aim for 1 in every cell. 0 = go get it.
A4: Store | B4: Apples | C4: Bananas | D4: Carrots | E4: Tomatoes | F4: Kale | G4: Spinach | H4: Bread | I4: Peanut butter | J4: Honey | K4: Rice | L4: Coffee | M4: Canned black beans | N4: Milk | O4: Half & half | P4: Butter | Q4: Cheddar cheese | R4: Greek yogurt | S4: Eggs | T4: Tofu | U4: Chicken breast | V4: Beer (Six Point Sweet Action) | W4: Items priced
A5: ='Store List'!A5 -> Food Bazaar | B5: =COUNTIFS('Price Data'!$C$5:$C$1000,$A5,'Price Data'!$F$5:$F$1000,'Basket of Goods'!$A$5,'Price Data'!$J$5:$J$1000,"Regular") -> 0 | C5: =COUNTIFS('Price Data'!$C$5:$C$1000,$A5,'Price Data'!$F$5:$F$1000,'Basket of Goods'!$A$6,'Price Data'!$J$5:$J$1000,"Regular") -> 0 | D5: =COUNTIFS('Price Data'!$C$5:$C$1000,$A5,'Price Data'!$F$5:$F$1000,'Basket of Goods'!$A$7,'Price Data'!$J$5:$J$1000,"Regular") -> 0 | E5: =COUNTIFS('Price Data'!$C$5:$C$1000,$A5,'Price Data'!$F$5:$F$1000,'Basket of Goods'!$A$8,'Price Data'!$J$5:$J$1000,"Regular") -> 0 | F5: =COUNTIFS('Price Data'!$C$5:$C$1000,$A5,'Price Data'!$F$5:$F$1000,'Basket of Goods'!$A$9,'Price Data'!$J$5:$J$1000,"Regular") -> 0 | G5: =COUNTIFS('Price Data'!$C$5:$C$1000,$A5,'Price Data'!$F$5:$F$1000,'Basket of Goods'!$A$10,'Price Data'!$J$5:$J$1000,"Regular") -> 0 | H5: =COUNTIFS('Price Data'!$C$5:$C$1000,$A5,'Price Data'!$F$5:$F$1000,'Basket of Goods'!$A$11,'Price Data'!$J$5:$J$1000,"Regular") -> 0 | I5: =COUNTIFS('Price Data'!$C$5:$C$1000,$A5,'Price Data'!$F$5:$F$1000,'Basket of Goods'!$A$12,'Price Data'!$J$5:$J$1000,"Regular") -> 0 | J5: =COUNTIFS('Price Data'!$C$5:$C$1000,$A5,'Price Data'!$F$5:$F$1000,'Basket of Goods'!$A$13,'Price Data'!$J$5:$J$1000,"Regular") -> 0 | K5: =COUNTIFS('Price Data'!$C$5:$C$1000,$A5,'Price Data'!$F$5:$F$1000,'Basket of Goods'!$A$14,'Price Data'!$J$5:$J$1000,"Regular") -> 0 | L5: =COUNTIFS('Price Data'!$C$5:$C$1000,$A5,'Price Data'!$F$5:$F$1000,'Basket of Goods'!$A$15,'Price Data'!$J$5:$J$1000,"Regular") -> 0 | M5: =COUNTIFS('Price Data'!$C$5:$C$1000,$A5,'Price Data'!$F$5:$F$1000,'Basket of Goods'!$A$16,'Price Data'!$J$5:$J$1000,"Regular") -> 0 | N5: =COUNTIFS('Price Data'!$C$5:$C$1000,$A5,'Price Data'!$F$5:$F$1000,'Basket of Goods'!$A$17,'Price Data'!$J$5:$J$1000,"Regular") -> 1 | O5: =COUNTIFS('Price Data'!$C$5:$C$1000,$A5,'Price Data'!$F$5:$F$1000,'Basket of Goods'!$A$18,'Price Data'!$J$5:$J$1000,"Regular") -> 0 | P5: =COUNTIFS('Price Data'!$C$5:$C$1000,$A5,'Price Data'!$F$5:$F$1000,'Basket of Goods'!$A$19,'Price Data'!$J$5:$J$1000,"Regular") -> 0 | Q5: =COUNTIFS('Price Data'!$C$5:$C$1000,$A5,'Price Data'!$F$5:$F$1000,'Basket of Goods'!$A$20,'Price Data'!$J$5:$J$1000,"Regular") -> 0 | R5: =COUNTIFS('Price Data'!$C$5:$C$1000,$A5,'Price Data'!$F$5:$F$1000,'Basket of Goods'!$A$21,'Price Data'!$J$5:$J$1000,"Regular") -> 0 | S5: =COUNTIFS('Price Data'!$C$5:$C$1000,$A5,'Price Data'!$F$5:$F$1000,'Basket of Goods'!$A$22,'Price Data'!$J$5:$J$1000,"Regular") -> 0 | T5: =COUNTIFS('Price Data'!$C$5:$C$1000,$A5,'Price Data'!$F$5:$F$1000,'Basket of Goods'!$A$23,'Price Data'!$J$5:$J$1000,"Regular") -> 0 | U5: =COUNTIFS('Price Data'!$C$5:$C$1000,$A5,'Price Data'!$F$5:$F$1000,'Basket of Goods'!$A$24,'Price Data'!$J$5:$J$1000,"Regular") -> 0 | V5: =COUNTIFS('Price Data'!$C$5:$C$1000,$A5,'Price Data'!$F$5:$F$1000,'Basket of Goods'!$A$25,'Price Data'!$J$5:$J$1000,"Regular") -> 0 | W5: =SUM(B5:V5) -> 1
A6: ='Store List'!A6 -> Key Food | B6: =COUNTIFS('Price Data'!$C$5:$C$1000,$A6,'Price Data'!$F$5:$F$1000,'Basket of Goods'!$A$5,'Price Data'!$J$5:$J$1000,"Regular") -> 0 | C6: =COUNTIFS('Price Data'!$C$5:$C$1000,$A6,'Price Data'!$F$5:$F$1000,'Basket of Goods'!$A$6,'Price Data'!$J$5:$J$1000,"Regular") -> 0 | D6: =COUNTIFS('Price Data'!$C$5:$C$1000,$A6,'Price Data'!$F$5:$F$1000,'Basket of Goods'!$A$7,'Price Data'!$J$5:$J$1000,"Regular") -> 0 | E6: =COUNTIFS('Price Data'!$C$5:$C$1000,$A6,'Price Data'!$F$5:$F$1000,'Basket of Goods'!$A$8,'Price Data'!$J$5:$J$1000,"Regular") -> 0 | F6: =COUNTIFS('Price Data'!$C$5:$C$1000,$A6,'Price Data'!$F$5:$F$1000,'Basket of Goods'!$A$9,'Price Data'!$J$5:$J$1000,"Regular") -> 0 | G6: =COUNTIFS('Price Data'!$C$5:$C$1000,$A6,'Price Data'!$F$5:$F$1000,'Basket of Goods'!$A$10,'Price Data'!$J$5:$J$1000,"Regular") -> 0 | H6: =COUNTIFS('Price Data'!$C$5:$C$1000,$A6,'Price Data'!$F$5:$F$1000,'Basket of Goods'!$A$11,'Price Data'!$J$5:$J$1000,"Regular") -> 0 | I6: =COUNTIFS('Price Data'!$C$5:$C$1000,$A6,'Price Data'!$F$5:$F$1000,'Basket of Goods'!$A$12,'Price Data'!$J$5:$J$1000,"Regular") -> 0 | J6: =COUNTIFS('Price Data'!$C$5:$C$1000,$A6,'Price Data'!$F$5:$F$1000,'Basket of Goods'!$A$13,'Price Data'!$J$5:$J$1000,"Regular") -> 0 | K6: =COUNTIFS('Price Data'!$C$5:$C$1000,$A6,'Price Data'!$F$5:$F$1000,'Basket of Goods'!$A$14,'Price Data'!$J$5:$J$1000,"Regular") -> 0 | L6: =COUNTIFS('Price Data'!$C$5:$C$1000,$A6,'Price Data'!$F$5:$F$1000,'Basket of Goods'!$A$15,'Price Data'!$J$5:$J$1000,"Regular") -> 0 | M6: =COUNTIFS('Price Data'!$C$5:$C$1000,$A6,'Price Data'!$F$5:$F$1000,'Basket of Goods'!$A$16,'Price Data'!$J$5:$J$1000,"Regular") -> 0 | N6: =COUNTIFS('Price Data'!$C$5:$C$1000,$A6,'Price Data'!$F$5:$F$1000,'Basket of Goods'!$A$17,'Price Data'!$J$5:$J$1000,"Regular") -> 0 | O6: =COUNTIFS('Price Data'!$C$5:$C$1000,$A6,'Price Data'!$F$5:$F$1000,'Basket of Goods'!$A$18,'Price Data'!$J$5:$J$1000,"Regular") -> 0 | P6: =COUNTIFS('Price Data'!$C$5:$C$1000,$A6,'Price Data'!$F$5:$F$1000,'Basket of Goods'!$A$19,'Price Data'!$J$5:$J$1000,"Regular") -> 0 | Q6: =COUNTIFS('Price Data'!$C$5:$C$1000,$A6,'Price Data'!$F$5:$F$1000,'Basket of Goods'!$A$20,'Price Data'!$J$5:$J$1000,"Regular") -> 0 | R6: =COUNTIFS('Price Data'!$C$5:$C$1000,$A6,'Price Data'!$F$5:$F$1000,'Basket of Goods'!$A$21,'Price Data'!$J$5:$J$1000,"Regular") -> 0 | S6: =COUNTIFS('Price Data'!$C$5:$C$1000,$A6,'Price Data'!$F$5:$F$1000,'Basket of Goods'!$A$22,'Price Data'!$J$5:$J$1000,"Regular") -> 1 | T6: =COUNTIFS('Price Data'!$C$5:$C$1000,$A6,'Price Data'!$F$5:$F$1000,'Basket of Goods'!$A$23,'Price Data'!$J$5:$J$1000,"Regular") -> 0 | U6: =COUNTIFS('Price Data'!$C$5:$C$1000,$A6,'Price Data'!$F$5:$F$1000,'Basket of Goods'!$A$24,'Price Data'!$J$5:$J$1000,"Regular") -> 0 | V6: =COUNTIFS('Price Data'!$C$5:$C$1000,$A6,'Price Data'!$F$5:$F$1000,'Basket of Goods'!$A$25,'Price Data'!$J$5:$J$1000,"Regular") -> 0 | W6: =SUM(B6:V6) -> 1
A7: ='Store List'!A7 -> City Fresh Market | B7: =COUNTIFS('Price Data'!$C$5:$C$1000,$A7,'Price Data'!$F$5:$F$1000,'Basket of Goods'!$A$5,'Price Data'!$J$5:$J$1000,"Regular") -> 0 | C7: =COUNTIFS('Price Data'!$C$5:$C$1000,$A7,'Price Data'!$F$5:$F$1000,'Basket of Goods'!$A$6,'Price Data'!$J$5:$J$1000,"Regular") -> 0 | D7: =COUNTIFS('Price Data'!$C$5:$C$1000,$A7,'Price Data'!$F$5:$F$1000,'Basket of Goods'!$A$7,'Price Data'!$J$5:$J$1000,"Regular") -> 0 | E7: =COUNTIFS('Price Data'!$C$5:$C$1000,$A7,'Price Data'!$F$5:$F$1000,'Basket of Goods'!$A$8,'Price Data'!$J$5:$J$1000,"Regular") -> 0 | F7: =COUNTIFS('Price Data'!$C$5:$C$1000,$A7,'Price Data'!$F$5:$F$1000,'Basket of Goods'!$A$9,'Price Data'!$J$5:$J$1000,"Regular") -> 0 | G7: =COUNTIFS('Price Data'!$C$5:$C$1000,$A7,'Price Data'!$F$5:$F$1000,'Basket of Goods'!$A$10,'Price Data'!$J$5:$J$1000,"Regular") -> 0 | H7: =COUNTIFS('Price Data'!$C$5:$C$1000,$A7,'Price Data'!$F$5:$F$1000,'Basket of Goods'!$A$11,'Price Data'!$J$5:$J$1000,"Regular") -> 0 | I7: =COUNTIFS('Price Data'!$C$5:$C$1000,$A7,'Price Data'!$F$5:$F$1000,'Basket of Goods'!$A$12,'Price Data'!$J$5:$J$1000,"Regular") -> 0 | J7: =COUNTIFS('Price Data'!$C$5:$C$1000,$A7,'Price Data'!$F$5:$F$1000,'Basket of Goods'!$A$13,'Price Data'!$J$5:$J$1000,"Regular") -> 0 | K7: =COUNTIFS('Price Data'!$C$5:$C$1000,$A7,'Price Data'!$F$5:$F$1000,'Basket of Goods'!$A$14,'Price Data'!$J$5:$J$1000,"Regular") -> 0 | L7: =COUNTIFS('Price Data'!$C$5:$C$1000,$A7,'Price Data'!$F$5:$F$1000,'Basket of Goods'!$A$15,'Price Data'!$J$5:$J$1000,"Regular") -> 0 | M7: =COUNTIFS('Price Data'!$C$5:$C$1000,$A7,'Price Data'!$F$5:$F$1000,'Basket of Goods'!$A$16,'Price Data'!$J$5:$J$1000,"Regular") -> 0 | N7: =COUNTIFS('Price Data'!$C$5:$C$1000,$A7,'Price Data'!$F$5:$F$1000,'Basket of Goods'!$A$17,'Price Data'!$J$5:$J$1000,"Regular") -> 0 | O7: =COUNTIFS('Price Data'!$C$5:$C$1000,$A7,'Price Data'!$F$5:$F$1000,'Basket of Goods'!$A$18,'Price Data'!$J$5:$J$1000,"Regular") -> 0 | P7: =COUNTIFS('Price Data'!$C$5:$C$1000,$A7,'Price Data'!$F$5:$F$1000,'Basket of Goods'!$A$19,'Price Data'!$J$5:$J$1000,"Regular") -> 0 | Q7: =COUNTIFS('Price Data'!$C$5:$C$1000,$A7,'Price Data'!$F$5:$F$1000,'Basket of Goods'!$A$20,'Price Data'!$J$5:$J$1000,"Regular") -> 0 | R7: =COUNTIFS('Price Data'!$C$5:$C$1000,$A7,'Price Data'!$F$5:$F$1000,'Basket of Goods'!$A$21,'Price Data'!$J$5:$J$1000,"Regular") -> 0 | S7: =COUNTIFS('Price Data'!$C$5:$C$1000,$A7,'Price Data'!$F$5:$F$1000,'Basket of Goods'!$A$22,'Price Data'!$J$5:$J$1000,"Regular") -> 0 | T7: =COUNTIFS('Price Data'!$C$5:$C$1000,$A7,'Price Data'!$F$5:$F$1000,'Basket of Goods'!$A$23,'Price Data'!$J$5:$J$1000,"Regular") -> 0 | U7: =COUNTIFS('Price Data'!$C$5:$C$1000,$A7,'Price Data'!$F$5:$F$1000,'Basket of Goods'!$A$24,'Price Data'!$J$5:$J$1000,"Regular") -> 0 | V7: =COUNTIFS('Price Data'!$C$5:$C$1000,$A7,'Price Data'!$F$5:$F$1000,'Basket of Goods'!$A$25,'Price Data'!$J$5:$J$1000,"Regular") -> 0 | W7: =SUM(B7:V7) -> 0
A8: ='Store List'!A8 -> Associated Supermarket | B8: =COUNTIFS('Price Data'!$C$5:$C$1000,$A8,'Price Data'!$F$5:$F$1000,'Basket of Goods'!$A$5,'Price Data'!$J$5:$J$1000,"Regular") -> 0 | C8: =COUNTIFS('Price Data'!$C$5:$C$1000,$A8,'Price Data'!$F$5:$F$1000,'Basket of Goods'!$A$6,'Price Data'!$J$5:$J$1000,"Regular") -> 0 | D8: =COUNTIFS('Price Data'!$C$5:$C$1000,$A8,'Price Data'!$F$5:$F$1000,'Basket of Goods'!$A$7,'Price Data'!$J$5:$J$1000,"Regular") -> 0 | E8: =COUNTIFS('Price Data'!$C$5:$C$1000,$A8,'Price Data'!$F$5:$F$1000,'Basket of Goods'!$A$8,'Price Data'!$J$5:$J$1000,"Regular") -> 0 | F8: =COUNTIFS('Price Data'!$C$5:$C$1000,$A8,'Price Data'!$F$5:$F$1000,'Basket of Goods'!$A$9,'Price Data'!$J$5:$J$1000,"Regular") -> 0 | G8: =COUNTIFS('Price Data'!$C$5:$C$1000,$A8,'Price Data'!$F$5:$F$1000,'Basket of Goods'!$A$10,'Price Data'!$J$5:$J$1000,"Regular") -> 0 | H8: =COUNTIFS('Price Data'!$C$5:$C$1000,$A8,'Price Data'!$F$5:$F$1000,'Basket of Goods'!$A$11,'Price Data'!$J$5:$J$1000,"Regular") -> 0 | I8: =COUNTIFS('Price Data'!$C$5:$C$1000,$A8,'Price Data'!$F$5:$F$1000,'Basket of Goods'!$A$12,'Price Data'!$J$5:$J$1000,"Regular") -> 0 | J8: =COUNTIFS('Price Data'!$C$5:$C$1000,$A8,'Price Data'!$F$5:$F$1000,'Basket of Goods'!$A$13,'Price Data'!$J$5:$J$1000,"Regular") -> 0 | K8: =COUNTIFS('Price Data'!$C$5:$C$1000,$A8,'Price Data'!$F$5:$F$1000,'Basket of Goods'!$A$14,'Price Data'!$J$5:$J$1000,"Regular") -> 0 | L8: =COUNTIFS('Price Data'!$C$5:$C$1000,$A8,'Price Data'!$F$5:$F$1000,'Basket of Goods'!$A$15,'Price Data'!$J$5:$J$1000,"Regular") -> 0 | M8: =COUNTIFS('Price Data'!$C$5:$C$1000,$A8,'Price Data'!$F$5:$F$1000,'Basket of Goods'!$A$16,'Price Data'!$J$5:$J$1000,"Regular") -> 0 | N8: =COUNTIFS('Price Data'!$C$5:$C$1000,$A8,'Price Data'!$F$5:$F$1000,'Basket of Goods'!$A$17,'Price Data'!$J$5:$J$1000,"Regular") -> 0 | O8: =COUNTIFS('Price Data'!$C$5:$C$1000,$A8,'Price Data'!$F$5:$F$1000,'Basket of Goods'!$A$18,'Price Data'!$J$5:$J$1000,"Regular") -> 0 | P8: =COUNTIFS('Price Data'!$C$5:$C$1000,$A8,'Price Data'!$F$5:$F$1000,'Basket of Goods'!$A$19,'Price Data'!$J$5:$J$1000,"Regular") -> 0 | Q8: =COUNTIFS('Price Data'!$C$5:$C$1000,$A8,'Price Data'!$F$5:$F$1000,'Basket of Goods'!$A$20,'Price Data'!$J$5:$J$1000,"Regular") -> 0 | R8: =COUNTIFS('Price Data'!$C$5:$C$1000,$A8,'Price Data'!$F$5:$F$1000,'Basket of Goods'!$A$21,'Price Data'!$J$5:$J$1000,"Regular") -> 0 | S8: =COUNTIFS('Price Data'!$C$5:$C$1000,$A8,'Price Data'!$F$5:$F$1000,'Basket of Goods'!$A$22,'Price Data'!$J$5:$J$1000,"Regular") -> 0 | T8: =COUNTIFS('Price Data'!$C$5:$C$1000,$A8,'Price Data'!$F$5:$F$1000,'Basket of Goods'!$A$23,'Price Data'!$J$5:$J$1000,"Regular") -> 0 | U8: =COUNTIFS('Price Data'!$C$5:$C$1000,$A8,'Price Data'!$F$5:$F$1000,'Basket of Goods'!$A$24,'Price Data'!$J$5:$J$1000,"Regular") -> 0 | V8: =COUNTIFS('Price Data'!$C$5:$C$1000,$A8,'Price Data'!$F$5:$F$1000,'Basket of Goods'!$A$25,'Price Data'!$J$5:$J$1000,"Regular") -> 0 | W8: =SUM(B8:V8) -> 0
A9: ='Store List'!A9 -> Shop Fair | B9: =COUNTIFS('Price Data'!$C$5:$C$1000,$A9,'Price Data'!$F$5:$F$1000,'Basket of Goods'!$A$5,'Price Data'!$J$5:$J$1000,"Regular") -> 0 | C9: =COUNTIFS('Price Data'!$C$5:$C$1000,$A9,'Price Data'!$F$5:$F$1000,'Basket of Goods'!$A$6,'Price Data'!$J$5:$J$1000,"Regular") -> 0 | D9: =COUNTIFS('Price Data'!$C$5:$C$1000,$A9,'Price Data'!$F$5:$F$1000,'Basket of Goods'!$A$7,'Price Data'!$J$5:$J$1000,"Regular") -> 0 | E9: =COUNTIFS('Price Data'!$C$5:$C$1000,$A9,'Price Data'!$F$5:$F$1000,'Basket of Goods'!$A$8,'Price Data'!$J$5:$J$1000,"Regular") -> 0 | F9: =COUNTIFS('Price Data'!$C$5:$C$1000,$A9,'Price Data'!$F$5:$F$1000,'Basket of Goods'!$A$9,'Price Data'!$J$5:$J$1000,"Regular") -> 0 | G9: =COUNTIFS('Price Data'!$C$5:$C$1000,$A9,'Price Data'!$F$5:$F$1000,'Basket of Goods'!$A$10,'Price Data'!$J$5:$J$1000,"Regular") -> 0 | H9: =COUNTIFS('Price Data'!$C$5:$C$1000,$A9,'Price Data'!$F$5:$F$1000,'Basket of Goods'!$A$11,'Price Data'!$J$5:$J$1000,"Regular") -> 0 | I9: =COUNTIFS('Price Data'!$C$5:$C$1000,$A9,'Price Data'!$F$5:$F$1000,'Basket of Goods'!$A$12,'Price Data'!$J$5:$J$1000,"Regular") -> 0 | J9: =COUNTIFS('Price Data'!$C$5:$C$1000,$A9,'Price Data'!$F$5:$F$1000,'Basket of Goods'!$A$13,'Price Data'!$J$5:$J$1000,"Regular") -> 0 | K9: =COUNTIFS('Price Data'!$C$5:$C$1000,$A9,'Price Data'!$F$5:$F$1000,'Basket of Goods'!$A$14,'Price Data'!$J$5:$J$1000,"Regular") -> 0 | L9: =COUNTIFS('Price Data'!$C$5:$C$1000,$A9,'Price Data'!$F$5:$F$1000,'Basket of Goods'!$A$15,'Price Data'!$J$5:$J$1000,"Regular") -> 0 | M9: =COUNTIFS('Price Data'!$C$5:$C$1000,$A9,'Price Data'!$F$5:$F$1000,'Basket of Goods'!$A$16,'Price Data'!$J$5:$J$1000,"Regular") -> 0 | N9: =COUNTIFS('Price Data'!$C$5:$C$1000,$A9,'Price Data'!$F$5:$F$1000,'Basket of Goods'!$A$17,'Price Data'!$J$5:$J$1000,"Regular") -> 0 | O9: =COUNTIFS('Price Data'!$C$5:$C$1000,$A9,'Price Data'!$F$5:$F$1000,'Basket of Goods'!$A$18,'Price Data'!$J$5:$J$1000,"Regular") -> 0 | P9: =COUNTIFS('Price Data'!$C$5:$C$1000,$A9,'Price Data'!$F$5:$F$1000,'Basket of Goods'!$A$19,'Price Data'!$J$5:$J$1000,"Regular") -> 0 | Q9: =COUNTIFS('Price Data'!$C$5:$C$1000,$A9,'Price Data'!$F$5:$F$1000,'Basket of Goods'!$A$20,'Price Data'!$J$5:$J$1000,"Regular") -> 0 | R9: =COUNTIFS('Price Data'!$C$5:$C$1000,$A9,'Price Data'!$F$5:$F$1000,'Basket of Goods'!$A$21,'Price Data'!$J$5:$J$1000,"Regular") -> 0 | S9: =COUNTIFS('Price Data'!$C$5:$C$1000,$A9,'Price Data'!$F$5:$F$1000,'Basket of Goods'!$A$22,'Price Data'!$J$5:$J$1000,"Regular") -> 0 | T9: =COUNTIFS('Price Data'!$C$5:$C$1000,$A9,'Price Data'!$F$5:$F$1000,'Basket of Goods'!$A$23,'Price Data'!$J$5:$J$1000,"Regular") -> 0 | U9: =COUNTIFS('Price Data'!$C$5:$C$1000,$A9,'Price Data'!$F$5:$F$1000,'Basket of Goods'!$A$24,'Price Data'!$J$5:$J$1000,"Regular") -> 0 | V9: =COUNTIFS('Price Data'!$C$5:$C$1000,$A9,'Price Data'!$F$5:$F$1000,'Basket of Goods'!$A$25,'Price Data'!$J$5:$J$1000,"Regular") -> 0 | W9: =SUM(B9:V9) -> 0
A10: ='Store List'!A10 -> Met Fresh | B10: =COUNTIFS('Price Data'!$C$5:$C$1000,$A10,'Price Data'!$F$5:$F$1000,'Basket of Goods'!$A$5,'Price Data'!$J$5:$J$1000,"Regular") -> 0 | C10: =COUNTIFS('Price Data'!$C$5:$C$1000,$A10,'Price Data'!$F$5:$F$1000,'Basket of Goods'!$A$6,'Price Data'!$J$5:$J$1000,"Regular") -> 0 | D10: =COUNTIFS('Price Data'!$C$5:$C$1000,$A10,'Price Data'!$F$5:$F$1000,'Basket of Goods'!$A$7,'Price Data'!$J$5:$J$1000,"Regular") -> 0 | E10: =COUNTIFS('Price Data'!$C$5:$C$1000,$A10,'Price Data'!$F$5:$F$1000,'Basket of Goods'!$A$8,'Price Data'!$J$5:$J$1000,"Regular") -> 0 | F10: =COUNTIFS('Price Data'!$C$5:$C$1000,$A10,'Price Data'!$F$5:$F$1000,'Basket of Goods'!$A$9,'Price Data'!$J$5:$J$1000,"Regular") -> 0 | G10: =COUNTIFS('Price Data'!$C$5:$C$1000,$A10,'Price Data'!$F$5:$F$1000,'Basket of Goods'!$A$10,'Price Data'!$J$5:$J$1000,"Regular") -> 0 | H10: =COUNTIFS('Price Data'!$C$5:$C$1000,$A10,'Price Data'!$F$5:$F$1000,'Basket of Goods'!$A$11,'Price Data'!$J$5:$J$1000,"Regular") -> 0 | I10: =COUNTIFS('Price Data'!$C$5:$C$1000,$A10,'Price Data'!$F$5:$F$1000,'Basket of Goods'!$A$12,'Price Data'!$J$5:$J$1000,"Regular") -> 0 | J10: =COUNTIFS('Price Data'!$C$5:$C$1000,$A10,'Price Data'!$F$5:$F$1000,'Basket of Goods'!$A$13,'Price Data'!$J$5:$J$1000,"Regular") -> 0 | K10: =COUNTIFS('Price Data'!$C$5:$C$1000,$A10,'Price Data'!$F$5:$F$1000,'Basket of Goods'!$A$14,'Price Data'!$J$5:$J$1000,"Regular") -> 0 | L10: =COUNTIFS('Price Data'!$C$5:$C$1000,$A10,'Price Data'!$F$5:$F$1000,'Basket of Goods'!$A$15,'Price Data'!$J$5:$J$1000,"Regular") -> 0 | M10: =COUNTIFS('Price Data'!$C$5:$C$1000,$A10,'Price Data'!$F$5:$F$1000,'Basket of Goods'!$A$16,'Price Data'!$J$5:$J$1000,"Regular") -> 0 | N10: =COUNTIFS('Price Data'!$C$5:$C$1000,$A10,'Price Data'!$F$5:$F$1000,'Basket of Goods'!$A$17,'Price Data'!$J$5:$J$1000,"Regular") -> 0 | O10: =COUNTIFS('Price Data'!$C$5:$C$1000,$A10,'Price Data'!$F$5:$F$1000,'Basket of Goods'!$A$18,'Price Data'!$J$5:$J$1000,"Regular") -> 0 | P10: =COUNTIFS('Price Data'!$C$5:$C$1000,$A10,'Price Data'!$F$5:$F$1000,'Basket of Goods'!$A$19,'Price Data'!$J$5:$J$1000,"Regular") -> 0 | Q10: =COUNTIFS('Price Data'!$C$5:$C$1000,$A10,'Price Data'!$F$5:$F$1000,'Basket of Goods'!$A$20,'Price Data'!$J$5:$J$1000,"Regular") -> 0 | R10: =COUNTIFS('Price Data'!$C$5:$C$1000,$A10,'Price Data'!$F$5:$F$1000,'Basket of Goods'!$A$21,'Price Data'!$J$5:$J$1000,"Regular") -> 0 | S10: =COUNTIFS('Price Data'!$C$5:$C$1000,$A10,'Price Data'!$F$5:$F$1000,'Basket of Goods'!$A$22,'Price Data'!$J$5:$J$1000,"Regular") -> 0 | T10: =COUNTIFS('Price Data'!$C$5:$C$1000,$A10,'Price Data'!$F$5:$F$1000,'Basket of Goods'!$A$23,'Price Data'!$J$5:$J$1000,"Regular") -> 0 | U10: =COUNTIFS('Price Data'!$C$5:$C$1000,$A10,'Price Data'!$F$5:$F$1000,'Basket of Goods'!$A$24,'Price Data'!$J$5:$J$1000,"Regular") -> 0 | V10: =COUNTIFS('Price Data'!$C$5:$C$1000,$A10,'Price Data'!$F$5:$F$1000,'Basket of Goods'!$A$25,'Price Data'!$J$5:$J$1000,"Regular") -> 0 | W10: =SUM(B10:V10) -> 0
A11: ='Store List'!A11 -> Billy's Marketplace (C-Town) | B11: =COUNTIFS('Price Data'!$C$5:$C$1000,$A11,'Price Data'!$F$5:$F$1000,'Basket of Goods'!$A$5,'Price Data'!$J$5:$J$1000,"Regular") -> 0 | C11: =COUNTIFS('Price Data'!$C$5:$C$1000,$A11,'Price Data'!$F$5:$F$1000,'Basket of Goods'!$A$6,'Price Data'!$J$5:$J$1000,"Regular") -> 0 | D11: =COUNTIFS('Price Data'!$C$5:$C$1000,$A11,'Price Data'!$F$5:$F$1000,'Basket of Goods'!$A$7,'Price Data'!$J$5:$J$1000,"Regular") -> 0 | E11: =COUNTIFS('Price Data'!$C$5:$C$1000,$A11,'Price Data'!$F$5:$F$1000,'Basket of Goods'!$A$8,'Price Data'!$J$5:$J$1000,"Regular") -> 0 | F11: =COUNTIFS('Price Data'!$C$5:$C$1000,$A11,'Price Data'!$F$5:$F$1000,'Basket of Goods'!$A$9,'Price Data'!$J$5:$J$1000,"Regular") -> 0 | G11: =COUNTIFS('Price Data'!$C$5:$C$1000,$A11,'Price Data'!$F$5:$F$1000,'Basket of Goods'!$A$10,'Price Data'!$J$5:$J$1000,"Regular") -> 0 | H11: =COUNTIFS('Price Data'!$C$5:$C$1000,$A11,'Price Data'!$F$5:$F$1000,'Basket of Goods'!$A$11,'Price Data'!$J$5:$J$1000,"Regular") -> 0 | I11: =COUNTIFS('Price Data'!$C$5:$C$1000,$A11,'Price Data'!$F$5:$F$1000,'Basket of Goods'!$A$12,'Price Data'!$J$5:$J$1000,"Regular") -> 0 | J11: =COUNTIFS('Price Data'!$C$5:$C$1000,$A11,'Price Data'!$F$5:$F$1000,'Basket of Goods'!$A$13,'Price Data'!$J$5:$J$1000,"Regular") -> 0 | K11: =COUNTIFS('Price Data'!$C$5:$C$1000,$A11,'Price Data'!$F$5:$F$1000,'Basket of Goods'!$A$14,'Price Data'!$J$5:$J$1000,"Regular") -> 0 | L11: =COUNTIFS('Price Data'!$C$5:$C$1000,$A11,'Price Data'!$F$5:$F$1000,'Basket of Goods'!$A$15,'Price Data'!$J$5:$J$1000,"Regular") -> 0 | M11: =COUNTIFS('Price Data'!$C$5:$C$1000,$A11,'Price Data'!$F$5:$F$1000,'Basket of Goods'!$A$16,'Price Data'!$J$5:$J$1000,"Regular") -> 0 | N11: =COUNTIFS('Price Data'!$C$5:$C$1000,$A11,'Price Data'!$F$5:$F$1000,'Basket of Goods'!$A$17,'Price Data'!$J$5:$J$1000,"Regular") -> 0 | O11: =COUNTIFS('Price Data'!$C$5:$C$1000,$A11,'Price Data'!$F$5:$F$1000,'Basket of Goods'!$A$18,'Price Data'!$J$5:$J$1000,"Regular") -> 0 | P11: =COUNTIFS('Price Data'!$C$5:$C$1000,$A11,'Price Data'!$F$5:$F$1000,'Basket of Goods'!$A$19,'Price Data'!$J$5:$J$1000,"Regular") -> 0 | Q11: =COUNTIFS('Price Data'!$C$5:$C$1000,$A11,'Price Data'!$F$5:$F$1000,'Basket of Goods'!$A$20,'Price Data'!$J$5:$J$1000,"Regular") -> 0 | R11: =COUNTIFS('Price Data'!$C$5:$C$1000,$A11,'Price Data'!$F$5:$F$1000,'Basket of Goods'!$A$21,'Price Data'!$J$5:$J$1000,"Regular") -> 0 | S11: =COUNTIFS('Price Data'!$C$5:$C$1000,$A11,'Price Data'!$F$5:$F$1000,'Basket of Goods'!$A$22,'Price Data'!$J$5:$J$1000,"Regular") -> 0 | T11: =COUNTIFS('Price Data'!$C$5:$C$1000,$A11,'Price Data'!$F$5:$F$1000,'Basket of Goods'!$A$23,'Price Data'!$J$5:$J$1000,"Regular") -> 0 | U11: =COUNTIFS('Price Data'!$C$5:$C$1000,$A11,'Price Data'!$F$5:$F$1000,'Basket of Goods'!$A$24,'Price Data'!$J$5:$J$1000,"Regular") -> 0 | V11: =COUNTIFS('Price Data'!$C$5:$C$1000,$A11,'Price Data'!$F$5:$F$1000,'Basket of Goods'!$A$25,'Price Data'!$J$5:$J$1000,"Regular") -> 0 | W11: =SUM(B11:V11) -> 0
A12: ='Store List'!A12 -> Mr. Kiwi's (Mr. Fruit) | B12: =COUNTIFS('Price Data'!$C$5:$C$1000,$A12,'Price Data'!$F$5:$F$1000,'Basket of Goods'!$A$5,'Price Data'!$J$5:$J$1000,"Regular") -> 0 | C12: =COUNTIFS('Price Data'!$C$5:$C$1000,$A12,'Price Data'!$F$5:$F$1000,'Basket of Goods'!$A$6,'Price Data'!$J$5:$J$1000,"Regular") -> 0 | D12: =COUNTIFS('Price Data'!$C$5:$C$1000,$A12,'Price Data'!$F$5:$F$1000,'Basket of Goods'!$A$7,'Price Data'!$J$5:$J$1000,"Regular") -> 0 | E12: =COUNTIFS('Price Data'!$C$5:$C$1000,$A12,'Price Data'!$F$5:$F$1000,'Basket of Goods'!$A$8,'Price Data'!$J$5:$J$1000,"Regular") -> 0 | F12: =COUNTIFS('Price Data'!$C$5:$C$1000,$A12,'Price Data'!$F$5:$F$1000,'Basket of Goods'!$A$9,'Price Data'!$J$5:$J$1000,"Regular") -> 0 | G12: =COUNTIFS('Price Data'!$C$5:$C$1000,$A12,'Price Data'!$F$5:$F$1000,'Basket of Goods'!$A$10,'Price Data'!$J$5:$J$1000,"Regular") -> 0 | H12: =COUNTIFS('Price Data'!$C$5:$C$1000,$A12,'Price Data'!$F$5:$F$1000,'Basket of Goods'!$A$11,'Price Data'!$J$5:$J$1000,"Regular") -> 0 | I12: =COUNTIFS('Price Data'!$C$5:$C$1000,$A12,'Price Data'!$F$5:$F$1000,'Basket of Goods'!$A$12,'Price Data'!$J$5:$J$1000,"Regular") -> 0 | J12: =COUNTIFS('Price Data'!$C$5:$C$1000,$A12,'Price Data'!$F$5:$F$1000,'Basket of Goods'!$A$13,'Price Data'!$J$5:$J$1000,"Regular") -> 0 | K12: =COUNTIFS('Price Data'!$C$5:$C$1000,$A12,'Price Data'!$F$5:$F$1000,'Basket of Goods'!$A$14,'Price Data'!$J$5:$J$1000,"Regular") -> 0 | L12: =COUNTIFS('Price Data'!$C$5:$C$1000,$A12,'Price Data'!$F$5:$F$1000,'Basket of Goods'!$A$15,'Price Data'!$J$5:$J$1000,"Regular") -> 0 | M12: =COUNTIFS('Price Data'!$C$5:$C$1000,$A12,'Price Data'!$F$5:$F$1000,'Basket of Goods'!$A$16,'Price Data'!$J$5:$J$1000,"Regular") -> 0 | N12: =COUNTIFS('Price Data'!$C$5:$C$1000,$A12,'Price Data'!$F$5:$F$1000,'Basket of Goods'!$A$17,'Price Data'!$J$5:$J$1000,"Regular") -> 0 | O12: =COUNTIFS('Price Data'!$C$5:$C$1000,$A12,'Price Data'!$F$5:$F$1000,'Basket of Goods'!$A$18,'Price Data'!$J$5:$J$1000,"Regular") -> 0 | P12: =COUNTIFS('Price Data'!$C$5:$C$1000,$A12,'Price Data'!$F$5:$F$1000,'Basket of Goods'!$A$19,'Price Data'!$J$5:$J$1000,"Regular") -> 0 | Q12: =COUNTIFS('Price Data'!$C$5:$C$1000,$A12,'Price Data'!$F$5:$F$1000,'Basket of Goods'!$A$20,'Price Data'!$J$5:$J$1000,"Regular") -> 0 | R12: =COUNTIFS('Price Data'!$C$5:$C$1000,$A12,'Price Data'!$F$5:$F$1000,'Basket of Goods'!$A$21,'Price Data'!$J$5:$J$1000,"Regular") -> 0 | S12: =COUNTIFS('Price Data'!$C$5:$C$1000,$A12,'Price Data'!$F$5:$F$1000,'Basket of Goods'!$A$22,'Price Data'!$J$5:$J$1000,"Regular") -> 0 | T12: =COUNTIFS('Price Data'!$C$5:$C$1000,$A12,'Price Data'!$F$5:$F$1000,'Basket of Goods'!$A$23,'Price Data'!$J$5:$J$1000,"Regular") -> 0 | U12: =COUNTIFS('Price Data'!$C$5:$C$1000,$A12,'Price Data'!$F$5:$F$1000,'Basket of Goods'!$A$24,'Price Data'!$J$5:$J$1000,"Regular") -> 0 | V12: =COUNTIFS('Price Data'!$C$5:$C$1000,$A12,'Price Data'!$F$5:$F$1000,'Basket of Goods'!$A$25,'Price Data'!$J$5:$J$1000,"Regular") -> 0 | W12: =SUM(B12:V12) -> 0
A13: ='Store List'!A13 -> Mr. Lemon (Mr. Fruit) | B13: =COUNTIFS('Price Data'!$C$5:$C$1000,$A13,'Price Data'!$F$5:$F$1000,'Basket of Goods'!$A$5,'Price Data'!$J$5:$J$1000,"Regular") -> 0 | C13: =COUNTIFS('Price Data'!$C$5:$C$1000,$A13,'Price Data'!$F$5:$F$1000,'Basket of Goods'!$A$6,'Price Data'!$J$5:$J$1000,"Regular") -> 0 | D13: =COUNTIFS('Price Data'!$C$5:$C$1000,$A13,'Price Data'!$F$5:$F$1000,'Basket of Goods'!$A$7,'Price Data'!$J$5:$J$1000,"Regular") -> 0 | E13: =COUNTIFS('Price Data'!$C$5:$C$1000,$A13,'Price Data'!$F$5:$F$1000,'Basket of Goods'!$A$8,'Price Data'!$J$5:$J$1000,"Regular") -> 0 | F13: =COUNTIFS('Price Data'!$C$5:$C$1000,$A13,'Price Data'!$F$5:$F$1000,'Basket of Goods'!$A$9,'Price Data'!$J$5:$J$1000,"Regular") -> 0 | G13: =COUNTIFS('Price Data'!$C$5:$C$1000,$A13,'Price Data'!$F$5:$F$1000,'Basket of Goods'!$A$10,'Price Data'!$J$5:$J$1000,"Regular") -> 0 | H13: =COUNTIFS('Price Data'!$C$5:$C$1000,$A13,'Price Data'!$F$5:$F$1000,'Basket of Goods'!$A$11,'Price Data'!$J$5:$J$1000,"Regular") -> 0 | I13: =COUNTIFS('Price Data'!$C$5:$C$1000,$A13,'Price Data'!$F$5:$F$1000,'Basket of Goods'!$A$12,'Price Data'!$J$5:$J$1000,"Regular") -> 0 | J13: =COUNTIFS('Price Data'!$C$5:$C$1000,$A13,'Price Data'!$F$5:$F$1000,'Basket of Goods'!$A$13,'Price Data'!$J$5:$J$1000,"Regular") -> 0 | K13: =COUNTIFS('Price Data'!$C$5:$C$1000,$A13,'Price Data'!$F$5:$F$1000,'Basket of Goods'!$A$14,'Price Data'!$J$5:$J$1000,"Regular") -> 0 | L13: =COUNTIFS('Price Data'!$C$5:$C$1000,$A13,'Price Data'!$F$5:$F$1000,'Basket of Goods'!$A$15,'Price Data'!$J$5:$J$1000,"Regular") -> 0 | M13: =COUNTIFS('Price Data'!$C$5:$C$1000,$A13,'Price Data'!$F$5:$F$1000,'Basket of Goods'!$A$16,'Price Data'!$J$5:$J$1000,"Regular") -> 0 | N13: =COUNTIFS('Price Data'!$C$5:$C$1000,$A13,'Price Data'!$F$5:$F$1000,'Basket of Goods'!$A$17,'Price Data'!$J$5:$J$1000,"Regular") -> 0 | O13: =COUNTIFS('Price Data'!$C$5:$C$1000,$A13,'Price Data'!$F$5:$F$1000,'Basket of Goods'!$A$18,'Price Data'!$J$5:$J$1000,"Regular") -> 0 | P13: =COUNTIFS('Price Data'!$C$5:$C$1000,$A13,'Price Data'!$F$5:$F$1000,'Basket of Goods'!$A$19,'Price Data'!$J$5:$J$1000,"Regular") -> 0 | Q13: =COUNTIFS('Price Data'!$C$5:$C$1000,$A13,'Price Data'!$F$5:$F$1000,'Basket of Goods'!$A$20,'Price Data'!$J$5:$J$1000,"Regular") -> 0 | R13: =COUNTIFS('Price Data'!$C$5:$C$1000,$A13,'Price Data'!$F$5:$F$1000,'Basket of Goods'!$A$21,'Price Data'!$J$5:$J$1000,"Regular") -> 0 | S13: =COUNTIFS('Price Data'!$C$5:$C$1000,$A13,'Price Data'!$F$5:$F$1000,'Basket of Goods'!$A$22,'Price Data'!$J$5:$J$1000,"Regular") -> 0 | T13: =COUNTIFS('Price Data'!$C$5:$C$1000,$A13,'Price Data'!$F$5:$F$1000,'Basket of Goods'!$A$23,'Price Data'!$J$5:$J$1000,"Regular") -> 0 | U13: =COUNTIFS('Price Data'!$C$5:$C$1000,$A13,'Price Data'!$F$5:$F$1000,'Basket of Goods'!$A$24,'Price Data'!$J$5:$J$1000,"Regular") -> 0 | V13: =COUNTIFS('Price Data'!$C$5:$C$1000,$A13,'Price Data'!$F$5:$F$1000,'Basket of Goods'!$A$25,'Price Data'!$J$5:$J$1000,"Regular") -> 0 | W13: =SUM(B13:V13) -> 0
A14: ='Store List'!A14 -> Food Story Natural Market | B14: =COUNTIFS('Price Data'!$C$5:$C$1000,$A14,'Price Data'!$F$5:$F$1000,'Basket of Goods'!$A$5,'Price Data'!$J$5:$J$1000,"Regular") -> 0 | C14: =COUNTIFS('Price Data'!$C$5:$C$1000,$A14,'Price Data'!$F$5:$F$1000,'Basket of Goods'!$A$6,'Price Data'!$J$5:$J$1000,"Regular") -> 0 | D14: =COUNTIFS('Price Data'!$C$5:$C$1000,$A14,'Price Data'!$F$5:$F$1000,'Basket of Goods'!$A$7,'Price Data'!$J$5:$J$1000,"Regular") -> 0 | E14: =COUNTIFS('Price Data'!$C$5:$C$1000,$A14,'Price Data'!$F$5:$F$1000,'Basket of Goods'!$A$8,'Price Data'!$J$5:$J$1000,"Regular") -> 0 | F14: =COUNTIFS('Price Data'!$C$5:$C$1000,$A14,'Price Data'!$F$5:$F$1000,'Basket of Goods'!$A$9,'Price Data'!$J$5:$J$1000,"Regular") -> 0 | G14: =COUNTIFS('Price Data'!$C$5:$C$1000,$A14,'Price Data'!$F$5:$F$1000,'Basket of Goods'!$A$10,'Price Data'!$J$5:$J$1000,"Regular") -> 0 | H14: =COUNTIFS('Price Data'!$C$5:$C$1000,$A14,'Price Data'!$F$5:$F$1000,'Basket of Goods'!$A$11,'Price Data'!$J$5:$J$1000,"Regular") -> 0 | I14: =COUNTIFS('Price Data'!$C$5:$C$1000,$A14,'Price Data'!$F$5:$F$1000,'Basket of Goods'!$A$12,'Price Data'!$J$5:$J$1000,"Regular") -> 0 | J14: =COUNTIFS('Price Data'!$C$5:$C$1000,$A14,'Price Data'!$F$5:$F$1000,'Basket of Goods'!$A$13,'Price Data'!$J$5:$J$1000,"Regular") -> 0 | K14: =COUNTIFS('Price Data'!$C$5:$C$1000,$A14,'Price Data'!$F$5:$F$1000,'Basket of Goods'!$A$14,'Price Data'!$J$5:$J$1000,"Regular") -> 0 | L14: =COUNTIFS('Price Data'!$C$5:$C$1000,$A14,'Price Data'!$F$5:$F$1000,'Basket of Goods'!$A$15,'Price Data'!$J$5:$J$1000,"Regular") -> 0 | M14: =COUNTIFS('Price Data'!$C$5:$C$1000,$A14,'Price Data'!$F$5:$F$1000,'Basket of Goods'!$A$16,'Price Data'!$J$5:$J$1000,"Regular") -> 0 | N14: =COUNTIFS('Price Data'!$C$5:$C$1000,$A14,'Price Data'!$F$5:$F$1000,'Basket of Goods'!$A$17,'Price Data'!$J$5:$J$1000,"Regular") -> 0 | O14: =COUNTIFS('Price Data'!$C$5:$C$1000,$A14,'Price Data'!$F$5:$F$1000,'Basket of Goods'!$A$18,'Price Data'!$J$5:$J$1000,"Regular") -> 0 | P14: =COUNTIFS('Price Data'!$C$5:$C$1000,$A14,'Price Data'!$F$5:$F$1000,'Basket of Goods'!$A$19,'Price Data'!$J$5:$J$1000,"Regular") -> 0 | Q14: =COUNTIFS('Price Data'!$C$5:$C$1000,$A14,'Price Data'!$F$5:$F$1000,'Basket of Goods'!$A$20,'Price Data'!$J$5:$J$1000,"Regular") -> 0 | R14: =COUNTIFS('Price Data'!$C$5:$C$1000,$A14,'Price Data'!$F$5:$F$1000,'Basket of Goods'!$A$21,'Price Data'!$J$5:$J$1000,"Regular") -> 0 | S14: =COUNTIFS('Price Data'!$C$5:$C$1000,$A14,'Price Data'!$F$5:$F$1000,'Basket of Goods'!$A$22,'Price Data'!$J$5:$J$1000,"Regular") -> 0 | T14: =COUNTIFS('Price Data'!$C$5:$C$1000,$A14,'Price Data'!$F$5:$F$1000,'Basket of Goods'!$A$23,'Price Data'!$J$5:$J$1000,"Regular") -> 0 | U14: =COUNTIFS('Price Data'!$C$5:$C$1000,$A14,'Price Data'!$F$5:$F$1000,'Basket of Goods'!$A$24,'Price Data'!$J$5:$J$1000,"Regular") -> 0 | V14: =COUNTIFS('Price Data'!$C$5:$C$1000,$A14,'Price Data'!$F$5:$F$1000,'Basket of Goods'!$A$25,'Price Data'!$J$5:$J$1000,"Regular") -> 0 | W14: =SUM(B14:V14) -> 0
A15: ='Store List'!A15 -> Hana Natural | B15: =COUNTIFS('Price Data'!$C$5:$C$1000,$A15,'Price Data'!$F$5:$F$1000,'Basket of Goods'!$A$5,'Price Data'!$J$5:$J$1000,"Regular") -> 0 | C15: =COUNTIFS('Price Data'!$C$5:$C$1000,$A15,'Price Data'!$F$5:$F$1000,'Basket of Goods'!$A$6,'Price Data'!$J$5:$J$1000,"Regular") -> 0 | D15: =COUNTIFS('Price Data'!$C$5:$C$1000,$A15,'Price Data'!$F$5:$F$1000,'Basket of Goods'!$A$7,'Price Data'!$J$5:$J$1000,"Regular") -> 0 | E15: =COUNTIFS('Price Data'!$C$5:$C$1000,$A15,'Price Data'!$F$5:$F$1000,'Basket of Goods'!$A$8,'Price Data'!$J$5:$J$1000,"Regular") -> 0 | F15: =COUNTIFS('Price Data'!$C$5:$C$1000,$A15,'Price Data'!$F$5:$F$1000,'Basket of Goods'!$A$9,'Price Data'!$J$5:$J$1000,"Regular") -> 0 | G15: =COUNTIFS('Price Data'!$C$5:$C$1000,$A15,'Price Data'!$F$5:$F$1000,'Basket of Goods'!$A$10,'Price Data'!$J$5:$J$1000,"Regular") -> 0 | H15: =COUNTIFS('Price Data'!$C$5:$C$1000,$A15,'Price Data'!$F$5:$F$1000,'Basket of Goods'!$A$11,'Price Data'!$J$5:$J$1000,"Regular") -> 0 | I15: =COUNTIFS('Price Data'!$C$5:$C$1000,$A15,'Price Data'!$F$5:$F$1000,'Basket of Goods'!$A$12,'Price Data'!$J$5:$J$1000,"Regular") -> 0 | J15: =COUNTIFS('Price Data'!$C$5:$C$1000,$A15,'Price Data'!$F$5:$F$1000,'Basket of Goods'!$A$13,'Price Data'!$J$5:$J$1000,"Regular") -> 0 | K15: =COUNTIFS('Price Data'!$C$5:$C$1000,$A15,'Price Data'!$F$5:$F$1000,'Basket of Goods'!$A$14,'Price Data'!$J$5:$J$1000,"Regular") -> 0 | L15: =COUNTIFS('Price Data'!$C$5:$C$1000,$A15,'Price Data'!$F$5:$F$1000,'Basket of Goods'!$A$15,'Price Data'!$J$5:$J$1000,"Regular") -> 0 | M15: =COUNTIFS('Price Data'!$C$5:$C$1000,$A15,'Price Data'!$F$5:$F$1000,'Basket of Goods'!$A$16,'Price Data'!$J$5:$J$1000,"Regular") -> 0 | N15: =COUNTIFS('Price Data'!$C$5:$C$1000,$A15,'Price Data'!$F$5:$F$1000,'Basket of Goods'!$A$17,'Price Data'!$J$5:$J$1000,"Regular") -> 0 | O15: =COUNTIFS('Price Data'!$C$5:$C$1000,$A15,'Price Data'!$F$5:$F$1000,'Basket of Goods'!$A$18,'Price Data'!$J$5:$J$1000,"Regular") -> 0 | P15: =COUNTIFS('Price Data'!$C$5:$C$1000,$A15,'Price Data'!$F$5:$F$1000,'Basket of Goods'!$A$19,'Price Data'!$J$5:$J$1000,"Regular") -> 0 | Q15: =COUNTIFS('Price Data'!$C$5:$C$1000,$A15,'Price Data'!$F$5:$F$1000,'Basket of Goods'!$A$20,'Price Data'!$J$5:$J$1000,"Regular") -> 0 | R15: =COUNTIFS('Price Data'!$C$5:$C$1000,$A15,'Price Data'!$F$5:$F$1000,'Basket of Goods'!$A$21,'Price Data'!$J$5:$J$1000,"Regular") -> 0 | S15: =COUNTIFS('Price Data'!$C$5:$C$1000,$A15,'Price Data'!$F$5:$F$1000,'Basket of Goods'!$A$22,'Price Data'!$J$5:$J$1000,"Regular") -> 0 | T15: =COUNTIFS('Price Data'!$C$5:$C$1000,$A15,'Price Data'!$F$5:$F$1000,'Basket of Goods'!$A$23,'Price Data'!$J$5:$J$1000,"Regular") -> 0 | U15: =COUNTIFS('Price Data'!$C$5:$C$1000,$A15,'Price Data'!$F$5:$F$1000,'Basket of Goods'!$A$24,'Price Data'!$J$5:$J$1000,"Regular") -> 0 | V15: =COUNTIFS('Price Data'!$C$5:$C$1000,$A15,'Price Data'!$F$5:$F$1000,'Basket of Goods'!$A$25,'Price Data'!$J$5:$J$1000,"Regular") -> 0 | W15: =SUM(B15:V15) -> 0
A16: ='Store List'!A16 -> Whole Foods | B16: =COUNTIFS('Price Data'!$C$5:$C$1000,$A16,'Price Data'!$F$5:$F$1000,'Basket of Goods'!$A$5,'Price Data'!$J$5:$J$1000,"Regular") -> 0 | C16: =COUNTIFS('Price Data'!$C$5:$C$1000,$A16,'Price Data'!$F$5:$F$1000,'Basket of Goods'!$A$6,'Price Data'!$J$5:$J$1000,"Regular") -> 0 | D16: =COUNTIFS('Price Data'!$C$5:$C$1000,$A16,'Price Data'!$F$5:$F$1000,'Basket of Goods'!$A$7,'Price Data'!$J$5:$J$1000,"Regular") -> 0 | E16: =COUNTIFS('Price Data'!$C$5:$C$1000,$A16,'Price Data'!$F$5:$F$1000,'Basket of Goods'!$A$8,'Price Data'!$J$5:$J$1000,"Regular") -> 0 | F16: =COUNTIFS('Price Data'!$C$5:$C$1000,$A16,'Price Data'!$F$5:$F$1000,'Basket of Goods'!$A$9,'Price Data'!$J$5:$J$1000,"Regular") -> 0 | G16: =COUNTIFS('Price Data'!$C$5:$C$1000,$A16,'Price Data'!$F$5:$F$1000,'Basket of Goods'!$A$10,'Price Data'!$J$5:$J$1000,"Regular") -> 0 | H16: =COUNTIFS('Price Data'!$C$5:$C$1000,$A16,'Price Data'!$F$5:$F$1000,'Basket of Goods'!$A$11,'Price Data'!$J$5:$J$1000,"Regular") -> 0 | I16: =COUNTIFS('Price Data'!$C$5:$C$1000,$A16,'Price Data'!$F$5:$F$1000,'Basket of Goods'!$A$12,'Price Data'!$J$5:$J$1000,"Regular") -> 0 | J16: =COUNTIFS('Price Data'!$C$5:$C$1000,$A16,'Price Data'!$F$5:$F$1000,'Basket of Goods'!$A$13,'Price Data'!$J$5:$J$1000,"Regular") -> 0 | K16: =COUNTIFS('Price Data'!$C$5:$C$1000,$A16,'Price Data'!$F$5:$F$1000,'Basket of Goods'!$A$14,'Price Data'!$J$5:$J$1000,"Regular") -> 0 | L16: =COUNTIFS('Price Data'!$C$5:$C$1000,$A16,'Price Data'!$F$5:$F$1000,'Basket of Goods'!$A$15,'Price Data'!$J$5:$J$1000,"Regular") -> 0 | M16: =COUNTIFS('Price Data'!$C$5:$C$1000,$A16,'Price Data'!$F$5:$F$1000,'Basket of Goods'!$A$16,'Price Data'!$J$5:$J$1000,"Regular") -> 0 | N16: =COUNTIFS('Price Data'!$C$5:$C$1000,$A16,'Price Data'!$F$5:$F$1000,'Basket of Goods'!$A$17,'Price Data'!$J$5:$J$1000,"Regular") -> 0 | O16: =COUNTIFS('Price Data'!$C$5:$C$1000,$A16,'Price Data'!$F$5:$F$1000,'Basket of Goods'!$A$18,'Price Data'!$J$5:$J$1000,"Regular") -> 0 | P16: =COUNTIFS('Price Data'!$C$5:$C$1000,$A16,'Price Data'!$F$5:$F$1000,'Basket of Goods'!$A$19,'Price Data'!$J$5:$J$1000,"Regular") -> 0 | Q16: =COUNTIFS('Price Data'!$C$5:$C$1000,$A16,'Price Data'!$F$5:$F$1000,'Basket of Goods'!$A$20,'Price Data'!$J$5:$J$1000,"Regular") -> 0 | R16: =COUNTIFS('Price Data'!$C$5:$C$1000,$A16,'Price Data'!$F$5:$F$1000,'Basket of Goods'!$A$21,'Price Data'!$J$5:$J$1000,"Regular") -> 0 | S16: =COUNTIFS('Price Data'!$C$5:$C$1000,$A16,'Price Data'!$F$5:$F$1000,'Basket of Goods'!$A$22,'Price Data'!$J$5:$J$1000,"Regular") -> 0 | T16: =COUNTIFS('Price Data'!$C$5:$C$1000,$A16,'Price Data'!$F$5:$F$1000,'Basket of Goods'!$A$23,'Price Data'!$J$5:$J$1000,"Regular") -> 0 | U16: =COUNTIFS('Price Data'!$C$5:$C$1000,$A16,'Price Data'!$F$5:$F$1000,'Basket of Goods'!$A$24,'Price Data'!$J$5:$J$1000,"Regular") -> 0 | V16: =COUNTIFS('Price Data'!$C$5:$C$1000,$A16,'Price Data'!$F$5:$F$1000,'Basket of Goods'!$A$25,'Price Data'!$J$5:$J$1000,"Regular") -> 0 | W16: =SUM(B16:V16) -> 0
... A20: ='Store List'!A20 -> Delivery app (if in scope) | B20: =COUNTIFS('Price Data'!$C$5:$C$1000,$A20,'Price Data'!$F$5:$F$1000,'Basket of Goods'!$A$5,'Price Data'!$J$5:$J$1000,"Regular") -> 0 | C20: =COUNTIFS('Price Data'!$C$5:$C$1000,$A20,'Price Data'!$F$5:$F$1000,'Basket of Goods'!$A$6,'Price Data'!$J$5:$J$1000,"Regular") -> 0 | D20: =COUNTIFS('Price Data'!$C$5:$C$1000,$A20,'Price Data'!$F$5:$F$1000,'Basket of Goods'!$A$7,'Price Data'!$J$5:$J$1000,"Regular") -> 0 | E20: =COUNTIFS('Price Data'!$C$5:$C$1000,$A20,'Price Data'!$F$5:$F$1000,'Basket of Goods'!$A$8,'Price Data'!$J$5:$J$1000,"Regular") -> 0 | F20: =COUNTIFS('Price Data'!$C$5:$C$1000,$A20,'Price Data'!$F$5:$F$1000,'Basket of Goods'!$A$9,'Price Data'!$J$5:$J$1000,"Regular") -> 0 | G20: =COUNTIFS('Price Data'!$C$5:$C$1000,$A20,'Price Data'!$F$5:$F$1000,'Basket of Goods'!$A$10,'Price Data'!$J$5:$J$1000,"Regular") -> 0 | H20: =COUNTIFS('Price Data'!$C$5:$C$1000,$A20,'Price Data'!$F$5:$F$1000,'Basket of Goods'!$A$11,'Price Data'!$J$5:$J$1000,"Regular") -> 0 | I20: =COUNTIFS('Price Data'!$C$5:$C$1000,$A20,'Price Data'!$F$5:$F$1000,'Basket of Goods'!$A$12,'Price Data'!$J$5:$J$1000,"Regular") -> 0 | J20: =COUNTIFS('Price Data'!$C$5:$C$1000,$A20,'Price Data'!$F$5:$F$1000,'Basket of Goods'!$A$13,'Price Data'!$J$5:$J$1000,"Regular") -> 0 | K20: =COUNTIFS('Price Data'!$C$5:$C$1000,$A20,'Price Data'!$F$5:$F$1000,'Basket of Goods'!$A$14,'Price Data'!$J$5:$J$1000,"Regular") -> 0 | L20: =COUNTIFS('Price Data'!$C$5:$C$1000,$A20,'Price Data'!$F$5:$F$1000,'Basket of Goods'!$A$15,'Price Data'!$J$5:$J$1000,"Regular") -> 0 | M20: =COUNTIFS('Price Data'!$C$5:$C$1000,$A20,'Price Data'!$F$5:$F$1000,'Basket of Goods'!$A$16,'Price Data'!$J$5:$J$1000,"Regular") -> 0 | N20: =COUNTIFS('Price Data'!$C$5:$C$1000,$A20,'Price Data'!$F$5:$F$1000,'Basket of Goods'!$A$17,'Price Data'!$J$5:$J$1000,"Regular") -> 0 | O20: =COUNTIFS('Price Data'!$C$5:$C$1000,$A20,'Price Data'!$F$5:$F$1000,'Basket of Goods'!$A$18,'Price Data'!$J$5:$J$1000,"Regular") -> 0 | P20: =COUNTIFS('Price Data'!$C$5:$C$1000,$A20,'Price Data'!$F$5:$F$1000,'Basket of Goods'!$A$19,'Price Data'!$J$5:$J$1000,"Regular") -> 0 | Q20: =COUNTIFS('Price Data'!$C$5:$C$1000,$A20,'Price Data'!$F$5:$F$1000,'Basket of Goods'!$A$20,'Price Data'!$J$5:$J$1000,"Regular") -> 0 | R20: =COUNTIFS('Price Data'!$C$5:$C$1000,$A20,'Price Data'!$F$5:$F$1000,'Basket of Goods'!$A$21,'Price Data'!$J$5:$J$1000,"Regular") -> 0 | S20: =COUNTIFS('Price Data'!$C$5:$C$1000,$A20,'Price Data'!$F$5:$F$1000,'Basket of Goods'!$A$22,'Price Data'!$J$5:$J$1000,"Regular") -> 0 | T20: =COUNTIFS('Price Data'!$C$5:$C$1000,$A20,'Price Data'!$F$5:$F$1000,'Basket of Goods'!$A$23,'Price Data'!$J$5:$J$1000,"Regular") -> 0 | U20: =COUNTIFS('Price Data'!$C$5:$C$1000,$A20,'Price Data'!$F$5:$F$1000,'Basket of Goods'!$A$24,'Price Data'!$J$5:$J$1000,"Regular") -> 0 | V20: =COUNTIFS('Price Data'!$C$5:$C$1000,$A20,'Price Data'!$F$5:$F$1000,'Basket of Goods'!$A$25,'Price Data'!$J$5:$J$1000,"Regular") -> 0 | W20: =SUM(B20:V20) -> 0
